{"xy": [1920, 1080], "K": [[856.2606114679272, 0.0, 996.3156592953152], [0.0, 856.7446846594318, 591.9825718795496], [0.0, 0.0, 1.0]], "D": [[-0.062861251844119], [-0.020039794706681147], [0.008108616854656255], [-0.0021382419891963706]], "new_K": [[476.2383495122266, 0.0, 1368.1092350561535], [0.0, 476.5075832182709, 622.9294297594691], [0.0, 0.0, 1.0]], "scaled_K": [[856.2606114679272, 0.0, 996.3156592953152], [0.0, 856.7446846594318, 591.9825718795496], [0.0, 0.0, 1.0]], "balance": 0.5}