{"dim": [1920, 1080], "K": [[856.2605019437214, 0.0, 996.3156360611896], [0.0, 856.7445639758223, 591.9826038066558], [0.0, 0.0, 1.0]], "D": [[-0.062861014379538], [-0.020040025889762746], [0.008108684497856644], [-0.002138239989533314]], "new_K": [[476.2845688377776, 0.0, 1367.917491963621], [0.0, 476.55382250033307, 622.9843958666843], [0.0, 0.0, 1.0]], "scaled_K": [[856.2605019437214, 0.0, 996.3156360611896], [0.0, 856.7445639758223, 591.9826038066558], [0.0, 0.0, 1.0]], "balance": 0.5}